{
	"class_name" : "PinholeCameraParameters",
	"extrinsic" : 
	[
		0.36561278581741508,
		-0.0038844186109498052,
		-0.93075893879075045,
		0.0,
		0.9279349409708697,
		-0.076428548550047215,
		0.36482245310825084,
		0.0,
		-0.072553677868305355,
		-0.99706749433455522,
		-0.024338766796906459,
		0.0,
		-3.3720373401341859,
		-0.34241519589043529,
		6.2736194433156163,
		1.0
	],
	"intrinsic" : 
	{
		"height" : 1877,
		"intrinsic_matrix" : 
		[
			1625.5296829033914,
			0.0,
			0.0,
			0.0,
			1625.5296829033914,
			0.0,
			1176.5,
			938.0,
			1.0
		],
		"width" : 2354
	},
	"version_major" : 1,
	"version_minor" : 0
}