{
	"class_name" : "PinholeCameraParameters",
	"extrinsic" : 
	[
		-0.33070783614970867,
		0.25794084181099158,
		-0.90779890352159753,
		0.0,
		0.9342175322967825,
		0.22573261850191598,
		-0.27619266335943621,
		0.0,
		0.13367845547614562,
		-0.93942072952969558,
		-0.31562440252839563,
		0.0,
		-5.1883965414661875,
		-1.7885349802709154,
		53.64658801994144,
		1.0
	],
	"intrinsic" : 
	{
		"height" : 1877,
		"intrinsic_matrix" : 
		[
			1625.5296829033914,
			0.0,
			0.0,
			0.0,
			1625.5296829033914,
			0.0,
			1176.5,
			938.0,
			1.0
		],
		"width" : 2354
	},
	"version_major" : 1,
	"version_minor" : 0
}