{
	"class_name" : "PinholeCameraParameters",
	"extrinsic" : 
	[
		0.023433540836530646,
		0.087694741686108954,
		0.99587172941321589,
		0.0,
		-0.9956887859574407,
		-0.087379379737563656,
		0.031123713070206616,
		0.0,
		0.089748039992305961,
		-0.99230765202999693,
		0.085269062620942263,
		0.0,
		7.4013086981928415,
		1.9396618929362832,
		10.414780219408964,
		1.0
	],
	"intrinsic" : 
	{
		"height" : 1080,
		"intrinsic_matrix" : 
		[
			935.30743608719376,
			0.0,
			0.0,
			0.0,
			935.30743608719376,
			0.0,
			959.5,
			539.5,
			1.0
		],
		"width" : 1920
	},
	"version_major" : 1,
	"version_minor" : 0
}