{"labels_3d": [0, 0, 0, 0, 0, 0, 0, 0, 0, 0], "scores_3d": [0.9750162363052368, 0.9681897759437561, 0.9457370042800903, 0.8904404640197754, 0.8889601230621338, 0.7703469395637512, 0.7551917433738708, 0.7058359980583191, 0.581430196762085, 0.4409143030643463], "bboxes_3d": [[14.758340835571289, -1.0538733005523682, -1.5589354038238525, 3.756204605102539, 1.6059954166412354, 1.5587297677993774, -0.313240647315979], [6.4377360343933105, -3.867938756942749, -1.7354779243469238, 3.1477303504943848, 1.4600175619125366, 1.428451657295227, -0.2996065616607666], [8.112303733825684, 1.2169885635375977, -1.6340758800506592, 3.666215658187866, 1.5731346607208252, 1.5916484594345093, 2.816173553466797], [20.169780731201172, -8.430997848510742, -1.6689705848693848, 2.3816397190093994, 1.5175546407699585, 1.569361925125122, -0.325522780418396], [33.455772399902344, -7.0356364250183105, -1.3376569747924805, 4.213869571685791, 1.7446256875991821, 1.6697019338607788, 2.828646183013916], [55.621822357177734, -20.3284854888916, -1.377079963684082, 4.370649814605713, 1.7359377145767212, 1.7067323923110962, 2.8504111766815186], [3.637791872024536, 2.7381269931793213, -1.6892006397247314, 3.720914840698242, 1.5820105075836182, 1.517715573310852, -0.2304394245147705], [25.040918350219727, -10.1564302444458, -1.632554531097412, 3.739536762237549, 1.6084991693496704, 1.4839948415756226, -0.32974565029144287], [28.725162506103516, -1.5525704622268677, -1.2024052143096924, 3.6941978931427, 1.542963981628418, 1.560984492301941, 1.2416483163833618], [40.87078094482422, -9.749106407165527, -1.3669393062591553, 3.8332738876342773, 1.6528748273849487, 1.5699495077133179, -0.28837764263153076]], "box_type_3d": "LiDAR"}